Rank,Name,Platform,Year,Genre,Publisher,NA_Sales,EU_Sales,JP_Sales,Other_Sales,Global_Sales
435,Club Penguin: Elite Penguin Force,DS,2008.0,Adventure,Disney Interactive Studios,1.88,0.98,0.0,0.3,3.16
13444,Secret Files: Tunguska,PC,2006.0,Adventure,DreamCatcher Interactive,0.0,0.04,0.0,0.01,0.05
10126,ECW Anarchy Rulz,PS,1999.0,Fighting,Acclaim Entertainment,0.06,0.04,0.0,0.01,0.11
7585,Taiko no Tatsujin: Waku Waku Anime Matsuri,PS2,2003.0,Misc,Namco Bandai Games,0.0,0.0,0.2,0.0,0.2
10242,Breakout,PS,1999.0,Puzzle,Hasbro Interactive,0.06,0.04,0.0,0.01,0.11
12336,Famicom Mini: Balloon Fight,GBA,2004.0,Action,Nintendo,0.0,0.0,0.06,0.0,0.06
3727,Let's Draw!,DS,2008.0,Misc,Ubisoft,0.24,0.23,0.0,0.06,0.54
3296,Dora the Explorer: Super Spies,GBA,2004.0,Platform,Gotham Games,0.44,0.16,0.0,0.01,0.61
9819,Earthworm Jim 3D,N64,1999.0,Platform,Interplay,0.1,0.02,0.0,0.0,0.12
10106,PDC World Championship Darts: Pro Tour,Wii,2010.0,Sports,O-Games,0.0,0.1,0.0,0.01,0.11
5516,Cabela's Dangerous Hunts 2011,PS3,2010.0,Sports,Activision,0.26,0.04,0.0,0.03,0.33
7000,Jeremy McGrath Supercross World,PS2,2001.0,Racing,Acclaim Entertainment,0.11,0.09,0.0,0.03,0.23
8018,Ringling Bros. and Barnum & Bailey Circus,Wii,2009.0,Action,Take-Two Interactive,0.17,0.0,0.0,0.01,0.18
6291,Burstrick: Wake Boarding!!,PS,2000.0,Sports,Natsume,0.15,0.1,0.0,0.02,0.27
11210,Knights Contract,PS3,2011.0,Action,Namco Bandai Games,0.04,0.03,0.0,0.01,0.09
6112,VMX Racing,PS,1997.0,Racing,Playmates,0.16,0.11,0.0,0.02,0.28
8608,Scripps Spelling Bee,DS,2010.0,Simulation,THQ,0.15,0.0,0.0,0.01,0.16
13,Pokemon Gold/Pokemon Silver,GB,1999.0,Role-Playing,Nintendo,9.0,6.18,7.2,0.71,23.1
1425,Tom Clancy's Ghost Recon 2,XB,2004.0,Shooter,Ubisoft,0.86,0.45,0.0,0.06,1.36
4206,Major League Baseball 2K13,X360,2013.0,Sports,Take-Two Interactive,0.44,0.0,0.0,0.03,0.47
7610,Injustice: Gods Among Us,WiiU,2013.0,Fighting,Warner Bros. Interactive Entertainment,0.1,0.08,0.0,0.02,0.2
2745,The Amazing Spider-Man (Console Version),X360,2012.0,Action,Activision,0.43,0.26,0.0,0.06,0.75
3926,Final Fantasy II Anniversary Edition,PSP,2007.0,Role-Playing,Square Enix,0.36,0.03,0.07,0.04,0.51
1567,Sonic Adventure DX: Director's Cut,GC,2003.0,Platform,Sega,0.87,0.3,0.06,0.03,1.27
10911,Championship Foosball,Wii,2008.0,Sports,505 Games,0.09,0.0,0.0,0.01,0.09
12951,Persona 2: Eternal Punishment,PSP,2012.0,Role-Playing,Atlus,0.0,0.0,0.05,0.0,0.05
14026,Ray Gigant,PSV,2015.0,Role-Playing,Namco Bandai Games,0.0,0.0,0.04,0.0,0.04
9412,My Baby: First Steps,Wii,2009.0,Simulation,SouthPeak Games,0.12,0.0,0.0,0.01,0.13
7913,Gallop Racer,PS,1999.0,Sports,Tecmo Koei,0.0,0.0,0.18,0.01,0.19
10730,Cubic Ninja,3DS,2011.0,Platform,Ubisoft,0.05,0.04,0.0,0.01,0.1
904,Mario Party 3,N64,2000.0,Misc,Nintendo,0.72,0.16,1.01,0.02,1.91
5483,BeatMania Append GottaMix,PS,1999.0,Simulation,Konami Digital Entertainment,0.0,0.0,0.31,0.02,0.33
3456,Kinect Sports Rivals,XOne,2014.0,Sports,Microsoft Game Studios,0.3,0.22,0.02,0.04,0.58
13560,Corpse Party: Book of Shadows,PSP,2011.0,Adventure,5pb,0.0,0.0,0.04,0.0,0.04
8491,Guilty Gear Judgment,PSP,2006.0,Fighting,Majesco Entertainment,0.13,0.0,0.02,0.01,0.16
6089,World of Warcraft: Legion,PC,2016.0,Role-Playing,Activision,0.14,0.12,0.0,0.02,0.29
15057,NANA: Live Staff Daiboshuu! Shoshinsha Kangei,DS,2007.0,Action,Konami Digital Entertainment,0.0,0.0,0.02,0.0,0.02
16106,Kana: Imouto,PSP,2010.0,Adventure,CyberFront,0.0,0.0,0.01,0.0,0.01
5813,Bruce Lee: Quest of the Dragon,XB,2002.0,Fighting,Universal Interactive,0.23,0.07,0.0,0.01,0.31
12565,Attack on Titan (KOEI),PS3,2016.0,Action,Tecmo Koei,0.0,0.0,0.06,0.0,0.06
7143,Sword Art Online: Infinity Moment,PSP,2013.0,Role-Playing,Namco Bandai Games,0.0,0.0,0.22,0.0,0.22
16446,Heart no Kuni no Alice: Wonderful Twin World,PSP,2014.0,Adventure,Quinrose,0.0,0.0,0.01,0.0,0.01
7404,Hot Shots Tennis: Get a Grip,PSP,2010.0,Sports,Sony Computer Entertainment,0.06,0.0,0.13,0.01,0.21
2042,Pong: The Next Level,PS,1998.0,Puzzle,Hasbro Interactive,0.56,0.38,0.0,0.07,1.01
1583,Winter Sports: The Ultimate Challenge,Wii,2007.0,Sports,RTL,0.45,0.68,0.0,0.12,1.26
14795,AMNESIA World,PSV,2014.0,Adventure,Idea Factory,0.0,0.0,0.03,0.0,0.03
12236,Lego Star Wars: The Force Awakens,3DS,2016.0,Action,Warner Bros. Interactive Entertainment,0.02,0.04,0.0,0.0,0.07
10688,Tales of Innocence R,PSV,2012.0,Role-Playing,Namco Bandai Games,0.0,0.0,0.1,0.0,0.1
1484,Middle-Earth: Shadow of Mordor,XOne,2014.0,Action,Warner Bros. Interactive Entertainment,0.72,0.5,0.01,0.1,1.32
5219,Breath of Fire II,SNES,1994.0,Role-Playing,Laguna,0.0,0.0,0.36,0.0,0.36
987,Dead or Alive 3,XB,2001.0,Fighting,Microsoft Game Studios,1.19,0.29,0.24,0.06,1.77
3331,Littlest Pet Shop: Jungle,DS,2008.0,Simulation,Electronic Arts,0.34,0.2,0.0,0.06,0.61
9396,MLB 11: The Show,PS2,2011.0,Sports,Sony Computer Entertainment,0.06,0.05,0.0,0.02,0.13
1320,BioShock,PS3,2008.0,Shooter,Take-Two Interactive,0.75,0.49,0.01,0.21,1.45
5803,Blade II,PS2,2002.0,Action,Activision,0.15,0.12,0.0,0.04,0.31
6547,Loving Life with Hello Kitty & Friends,DS,2011.0,Misc,Rising Star Games,0.15,0.08,0.0,0.02,0.26
14946,Pop'n Music 12 Iroha,PS2,2006.0,Simulation,Konami Digital Entertainment,0.0,0.0,0.02,0.0,0.02
4111,OkamiDen,DS,2010.0,Adventure,Capcom,0.25,0.07,0.13,0.03,0.48
9779,NPPL: Championship Paintball 2009,X360,2008.0,Shooter,Activision Value,0.1,0.01,0.0,0.01,0.12
14721,Aegis of Earth: Protonovus Assault,PS3,2016.0,Action,PQube,0.01,0.01,0.0,0.0,0.03
2315,James Bond 007: Agent Under Fire,XB,2002.0,Shooter,Electronic Arts,0.65,0.22,0.0,0.03,0.9
9982,ASH: Archaic Sealed Heat,DS,2007.0,Role-Playing,Nintendo,0.0,0.0,0.12,0.0,0.12
12763,Myst,SAT,1994.0,Adventure,Sunsoft,0.0,0.0,0.06,0.0,0.06
6987,Me & My Katamari,PSP,2005.0,Puzzle,Namco Bandai Games,0.13,0.02,0.08,0.0,0.23
7449,ESPN Winter X Games: Snowboarding 2002,PS2,2000.0,Sports,Konami Digital Entertainment,0.1,0.08,0.0,0.03,0.21
2919,Jade Empire,XB,2005.0,Role-Playing,Microsoft Game Studios,0.48,0.19,0.0,0.03,0.7
6436,Atelier Ayesha: The Alchemist of Dusk,PS3,2012.0,Role-Playing,Tecmo Koei,0.06,0.04,0.14,0.02,0.27
9507,Ape Escape 3,PS2,2005.0,Platform,Sony Computer Entertainment,0.06,0.05,0.0,0.02,0.13
10816,ReCore,XOne,2016.0,Action,Microsoft Game Studios,0.06,0.03,0.0,0.01,0.1
10169,Eragon,PSP,2006.0,Action,Vivendi Games,0.1,0.0,0.0,0.01,0.11
3476,Gex: Enter the Gecko,PS,1998.0,Platform,BMG Interactive Entertainment,0.32,0.22,0.0,0.04,0.58
1797,The Lord of the Rings: The Return of the King,XB,2003.0,Action,Electronic Arts,0.71,0.38,0.0,0.05,1.14
12809,GRID,DS,2006.719557195572,Racing,Codemasters,0.04,0.01,0.0,0.0,0.06
6646,Tony Hawk's Proving Ground,Wii,2007.0,Sports,Activision,0.22,0.01,0.0,0.02,0.25
6006,Need for Speed: The Run,Wii,2011.0,Action,Electronic Arts,0.13,0.13,0.01,0.03,0.29
11381,Derby Stallion 98,SNES,1998.0,Sports,ASCII Entertainment,0.0,0.0,0.08,0.0,0.08
15983,Turok,PC,2008.0,Action,Touchstone,0.0,0.01,0.0,0.0,0.01
2604,Final Fantasy Tactics A2: Grimoire of the Rift,DS,2007.0,Role-Playing,Square Enix,0.42,0.03,0.3,0.04,0.79
13160,Durarara!! 3-way Standoff,PSP,2010.0,Adventure,ASCII Media Works,0.0,0.0,0.05,0.0,0.05
4139,FIFA World Cup Germany 2006,X360,2006.0,Sports,Electronic Arts,0.19,0.27,0.01,0.0,0.48
13558,Record of Agarest War: Marriage,PSP,2012.0,Role-Playing,Compile Heart,0.0,0.0,0.04,0.0,0.04
12637,Policenauts,3DO,1995.0,Adventure,Konami Digital Entertainment,0.0,0.0,0.06,0.0,0.06
13756,Super Black Bass Fishing,DS,2005.0,Sports,Majesco Entertainment,0.04,0.0,0.0,0.0,0.04
16584,Fit & Fun,Wii,2011.0,Sports,Unknown,0.0,0.01,0.0,0.0,0.01
10908,echochrome,PSP,2008.0,Puzzle,Sony Computer Entertainment,0.0,0.01,0.08,0.0,0.09
14034,RLH: Run Like Hell,XB,2003.0,Shooter,Avalon Interactive,0.03,0.01,0.0,0.0,0.04
10884,Adventure Time: Finn & Jake Investigations,X360,2015.0,Action,Little Orbit,0.02,0.06,0.0,0.01,0.09
1666,FIFA Soccer 07,PSP,2006.0,Sports,Electronic Arts,0.24,0.65,0.0,0.32,1.21
8683,WWE '13,Wii,2012.0,Action,THQ,0.12,0.02,0.0,0.01,0.16
1055,Kirby's Return to Dreamland,Wii,2011.0,Platform,Nintendo,0.62,0.21,0.79,0.08,1.7
15333,Katekyoo Hitman Reborn! Dream Hyper Battle! Wii,Wii,2008.0,Fighting,Marvelous Interactive,0.0,0.0,0.02,0.0,0.02
12135,Resident Evil 6,PS4,2016.0,Shooter,Capcom,0.05,0.0,0.0,0.01,0.07
14525,Samurai Spirits: Tenkaichi Kenkakuden,PS2,2006.719557195572,Fighting,Unknown,0.0,0.0,0.03,0.0,0.03
5136,Kotoba no Puzzle: Mojipittan DS,DS,2007.0,Puzzle,Namco Bandai Games,0.0,0.0,0.37,0.0,0.37
15597,Myth Makers: Super Kart GP,Wii,2007.0,Racing,Popcorn Arcade,0.01,0.0,0.0,0.0,0.02
95,The Legend of Zelda: Ocarina of Time,N64,1998.0,Action,Nintendo,4.1,1.89,1.45,0.16,7.6
5923,Sword Art Online: Hollow Fragment,PSV,2014.0,Role-Playing,Namco Bandai Games,0.0,0.0,0.3,0.0,0.3
3536,Jillian Michaels Fitness Ultimatum 2010,Wii,2009.0,Sports,Majesco Entertainment,0.52,0.01,0.0,0.04,0.57
634,Need for Speed Carbon: Own the City,PSP,2006.0,Racing,Electronic Arts,0.87,0.98,0.0,0.59,2.44
9219,Star Wars: Jedi Power Battles,GBA,2002.0,Action,THQ,0.1,0.04,0.0,0.0,0.14
9836,MX vs. ATV Untamed,DS,2007.0,Racing,THQ,0.11,0.0,0.0,0.01,0.12
10843,SingStar Apres-Ski Party 2,PS3,2010.0,Misc,Sony Computer Entertainment,0.0,0.07,0.0,0.02,0.09
7189,The Legend of Spyro: The Eternal Night,Wii,2007.0,Platform,Vivendi Games,0.18,0.02,0.0,0.02,0.22
10589,Alvin and the Chipmunks: Chipwrecked,X360,2011.0,Misc,505 Games,0.08,0.01,0.0,0.01,0.1
14707,The Last Guy,PS3,2009.0,Action,Sony Computer Entertainment,0.0,0.0,0.03,0.0,0.03
13479,RollerCoaster Tycoon,PC,2006.719557195572,Strategy,Microprose,0.02,0.02,0.0,0.01,0.04
11768,Jimmie Johnson's Anything With an Engine,PS3,2011.0,Racing,Konami Digital Entertainment,0.07,0.0,0.0,0.01,0.07
3988,Dead or Alive Ultimate,XB,2004.0,Fighting,Tecmo Koei,0.3,0.1,0.08,0.02,0.5
616,Mario Party 2,N64,1999.0,Misc,Nintendo,1.28,0.14,1.08,0.01,2.5
6828,Skylanders SWAP Force,3DS,2013.0,Platform,Activision,0.1,0.12,0.0,0.02,0.24
12807,Nobunaga no Yabou: Souzou,PS4,2014.0,Strategy,Tecmo Koei,0.0,0.0,0.06,0.0,0.06
15388,Elminage Original: Majo to Megami to Kamigami no Yubiwa,PSP,2011.0,Role-Playing,Starfish,0.0,0.0,0.02,0.0,0.02
14768,Mahou Sensei Negima! Kagai Jugyou ~Otome no Dokidoki Beachside~,PS2,2006.0,Adventure,Konami Digital Entertainment,0.0,0.0,0.03,0.0,0.03
6939,Tony Hawk's Downhill Jam,Wii,2006.719557195572,Sports,Activision,0.21,0.0,0.0,0.02,0.24
1573,Football Manager 2011,PC,2010.0,Sports,Sega,0.0,1.01,0.0,0.25,1.26
16350,Idol Janshi Suchie-Pai IV,PS2,2007.0,Misc,Jaleco,0.0,0.0,0.01,0.0,0.01
12397,Championship Surfer,PS,2000.0,Sports,Mattel Interactive,0.03,0.02,0.0,0.0,0.06
6843,Summon Night 3,PS2,2003.0,Role-Playing,Banpresto,0.0,0.0,0.24,0.0,0.24
11731,Nicola Kanshuu: Model Oshare * Audition Platina,3DS,2012.0,Action,Alchemist,0.0,0.0,0.08,0.0,0.08
15515,Soukoku no Kusabi: Hiiro no Kakera 3 - Ashita e no Tobira,PSP,2012.0,Action,Idea Factory,0.0,0.0,0.02,0.0,0.02
2185,Yu-Gi-Oh! Worldwide Edition: Stairway to the Destined Duel,GBA,2003.0,Misc,Konami Digital Entertainment,0.68,0.25,0.0,0.02,0.95
14935,Shinseiki Evangelion: Battle Orchestra,PS2,2007.0,Fighting,Broccoli,0.0,0.0,0.02,0.0,0.02
5208,Tetrisphere,N64,1997.0,Puzzle,Nintendo,0.29,0.06,0.0,0.0,0.36
13821,Stuntman,GBA,2003.0,Racing,Atari,0.03,0.01,0.0,0.0,0.04
15749,Summer Challenge: Athletics Tournament,Wii,2011.0,Sports,PQube,0.0,0.01,0.0,0.0,0.02
15071,Pe-Jongju to Manabu Kankokugo DS: Test-Hen,DS,2010.0,Misc,D3Publisher,0.0,0.0,0.02,0.0,0.02
4762,TNA iMPACT!,PS3,2008.0,Fighting,Midway Games,0.22,0.12,0.0,0.06,0.41
723,Spyro: Season of Ice,GBA,2001.0,Platform,Vivendi Games,1.29,0.83,0.0,0.11,2.23
12331,Bomberman Land,PSP,2007.0,Misc,Hudson Entertainment,0.06,0.0,0.0,0.01,0.06
11810,Godai: Elemental Force,PS2,2002.0,Action,3DO,0.04,0.03,0.0,0.01,0.07
14057,Half-Minute Hero 2,PSP,2006.719557195572,Role-Playing,Rising Star Games,0.0,0.0,0.04,0.0,0.04
1724,Ty the Tasmanian Tiger,PS2,2002.0,Platform,Electronic Arts,0.57,0.45,0.0,0.15,1.17
6430,Summer Sports 2: Island Sports Party,Wii,2008.0,Sports,Ubisoft,0.24,0.0,0.0,0.02,0.27
2137,Skylanders: Spyro's Adventure,X360,2011.0,Action,Activision,0.53,0.35,0.0,0.1,0.97
14648,Pacific Liberator,Wii,2009.0,Action,Zoo Games,0.03,0.0,0.0,0.0,0.03
14750,Pro Evolution Soccer 2012,3DS,2011.0,Action,Konami Digital Entertainment,0.02,0.0,0.0,0.0,0.03
9499,Smart Boy's Gameroom,DS,2007.0,Misc,505 Games,0.12,0.0,0.0,0.01,0.13
12088,Fighter Maker 2,PS2,2002.0,Fighting,Enterbrain,0.03,0.03,0.0,0.01,0.07
8449,Jikkyou Powerful Pro Yakyuu 2014,PS3,2014.0,Sports,Konami Digital Entertainment,0.0,0.0,0.17,0.0,0.17
2938,MLB 08: The Show,PS3,2008.0,Sports,Sony Computer Entertainment,0.64,0.0,0.0,0.05,0.7
2518,Custer's Revenge,2600,1981.0,Action,Mystique,0.76,0.05,0.0,0.01,0.82
16284,CT Special Forces 2: Back in the Trenches,GBA,2003.0,Shooter,LSP Games,0.01,0.0,0.0,0.0,0.01
355,The Simpsons: Road Rage,PS2,2001.0,Racing,Electronic Arts,2.02,1.17,0.0,0.42,3.61
8816,Zoids: Battle Legends,GC,2003.0,Action,Tomy Corporation,0.12,0.03,0.0,0.0,0.15
10810,Natural Doctrine,PS4,2014.0,Role-Playing,Nippon Ichi Software,0.05,0.02,0.02,0.01,0.1
13771,Atelier Iris 3: Grand Phantasm (JP Sales),PS2,2006.0,Role-Playing,Tecmo Koei,0.0,0.0,0.04,0.0,0.04
12755,Dino Pets,DS,2009.0,Simulation,Avanquest,0.05,0.0,0.0,0.0,0.06
9646,Smash Court Tennis Pro Tournament 2,PS2,2004.0,Sports,Sony Computer Entertainment,0.06,0.05,0.0,0.02,0.13
13681,Hayate no Gotoku! Ojousama Produce Daisakusen Boku Iro ni Somare! Gakkou-Hen,DS,2008.0,Simulation,Konami Digital Entertainment,0.0,0.0,0.04,0.0,0.04
10877,X-COM: UFO Defense,PS,1995.0,Strategy,Microprose,0.05,0.04,0.0,0.01,0.09
12824,Kyoukai Senjou no Horizon Portable,PSP,2013.0,Adventure,Kadokawa Shoten,0.0,0.0,0.05,0.0,0.05
3788,Burnout Revenge,XB,2005.0,Racing,Electronic Arts,0.32,0.19,0.0,0.01,0.53
7752,Ice Age: Dawn of the Dinosaurs,PS3,2009.0,Action,Activision,0.13,0.04,0.0,0.02,0.19
11160,Star Wars: Empire at War,PC,2006.0,Strategy,LucasArts,0.01,0.06,0.0,0.02,0.09
9309,World Championship Poker 2: Featuring Howard Lederer,PSP,2005.0,Misc,505 Games,0.12,0.0,0.0,0.01,0.14
14696,Biohazard: Revival Selection,X360,2011.0,Action,Capcom,0.0,0.0,0.03,0.0,0.03
2349,Call of Duty: Modern Warfare 2,PC,2009.0,Shooter,Activision,0.01,0.79,0.0,0.09,0.89
11624,Ultimate Fighting Championship: Throwdown,GC,2002.0,Fighting,Ubisoft,0.06,0.02,0.0,0.0,0.08
1541,Watch Dogs,X360,2014.0,Action,Ubisoft,0.72,0.45,0.01,0.11,1.28
5019,Ninja: Shadow of Darkness,PS,1998.0,Action,Eidos Interactive,0.21,0.14,0.0,0.02,0.38
8517,Hannah Montana: Rock Out the Show,PSP,2009.0,Misc,Disney Interactive Studios,0.13,0.01,0.0,0.02,0.16
3950,F1 2012,X360,2012.0,Racing,Codemasters,0.1,0.35,0.0,0.06,0.5
3865,The Punisher,PS2,2005.0,Action,THQ,0.25,0.2,0.0,0.07,0.52
568,Medal of Honor,PS,1998.0,Shooter,Electronic Arts,1.44,1.09,0.0,0.14,2.67
12891,Rockin' Pretty,DS,2009.0,Misc,Arc System Works,0.05,0.0,0.0,0.0,0.05
6534,Indiana Jones and the Staff of Kings,PSP,2009.0,Action,Activision,0.11,0.1,0.0,0.06,0.26
1020,Forza Motorsport 6,XOne,2015.0,Racing,Microsoft Game Studios,0.69,0.89,0.03,0.14,1.74
16318,Gakuen Hetalia,DS,2012.0,Adventure,Idea Factory,0.0,0.0,0.01,0.0,0.01
5954,AMF Bowling 2004,XB,2003.0,Sports,Mud Duck Productions,0.22,0.06,0.0,0.01,0.3
15602,The King of Fighters Collection: The Orochi Saga (JP sales),PS2,2006.0,Fighting,Ignition Entertainment,0.0,0.0,0.02,0.0,0.02
3018,Blazing Angels: Squadrons of WWII,PS3,2006.0,Simulation,Ubisoft,0.35,0.22,0.0,0.1,0.67
6203,Silent Hill 2: Restless Dreams,XB,2001.0,Action,Konami Digital Entertainment,0.21,0.06,0.0,0.01,0.28
5482,NCAA Basketball 10,PS3,2009.0,Sports,Electronic Arts,0.31,0.0,0.0,0.03,0.33
12119,Just Dance: Disney Party 2,XOne,2015.0,Action,Ubisoft,0.05,0.01,0.0,0.01,0.07
7377,Hasbro Family Game Night 3,X360,2010.0,Misc,Electronic Arts,0.17,0.03,0.0,0.01,0.21
3850,Bully: Scholarship Edition,Wii,2008.0,Action,Take-Two Interactive,0.17,0.29,0.0,0.06,0.52
10934,Let's Ride! Silver Buckle Stables,PS2,2006.0,Sports,THQ,0.05,0.04,0.0,0.01,0.09
9229,Science Papa,Wii,2009.0,Misc,Activision,0.12,0.01,0.0,0.01,0.14
8669,StarBlade α,PS,1995.0,Shooter,Sony Computer Entertainment,0.0,0.0,0.15,0.01,0.16
4674,Star Wars Starfighter: Special Edition,XB,2001.0,Simulation,LucasArts,0.3,0.1,0.0,0.02,0.42
12122,Obscure,PS2,2004.0,Adventure,Microids,0.03,0.03,0.0,0.01,0.07
6840,Peter Jackson's King Kong: The Official Game of the Movie,GC,2005.0,Action,Ubisoft,0.19,0.05,0.0,0.01,0.24
14359,Nishijin Pachinko Monogatari 2,SNES,1996.0,Misc,KSS,0.0,0.0,0.03,0.0,0.03
4234,Circus Atari,2600,2006.719557195572,Action,Atari,0.43,0.03,0.0,0.0,0.46
2018,Rayman Origins,PS3,2011.0,Platform,Ubisoft,0.33,0.51,0.01,0.18,1.03
6746,Dune 2000,PS,1999.0,Strategy,Electronic Arts,0.14,0.09,0.0,0.02,0.25
7952,Pro Yaky? Spirits 2012,PS3,2012.0,Sports,Konami Digital Entertainment,0.0,0.0,0.19,0.0,0.19
1155,River Raid,2600,1981.0,Shooter,Activision,1.49,0.09,0.0,0.02,1.6
4251,ATV Offroad Fury Pro,PSP,2006.0,Racing,Sony Computer Entertainment,0.37,0.04,0.0,0.05,0.46
1637,Intelligent Qube,PS,1997.0,Puzzle,Sony Computer Entertainment,0.13,0.07,1.0,0.02,1.22
1423,Pocket Monsters Stadium,N64,1998.0,Strategy,Nintendo,0.0,0.0,1.37,0.0,1.37
4415,World Soccer Winning Eleven 9,XB,2005.0,Sports,Konami Digital Entertainment,0.06,0.33,0.02,0.03,0.44
15428,Malice,PS2,2004.0,Platform,Evolved Games,0.01,0.01,0.0,0.0,0.02
9132,Bravo Air Race,PS,1997.0,Racing,THQ,0.08,0.05,0.0,0.01,0.14
222,FIFA 17,PS4,2016.0,Sports,Electronic Arts,0.28,3.75,0.06,0.69,4.77
12184,Transformer: Rise of the Dark Spark,WiiU,2014.0,Action,Activision,0.05,0.01,0.0,0.01,0.07
14873,Neverwinter Nights 2,PC,2006.0,Role-Playing,Atari,0.0,0.02,0.0,0.0,0.03
5668,Shin Momotarou Densetsu,SNES,1993.0,Role-Playing,Hudson Soft,0.0,0.0,0.32,0.0,0.32
4079,Battlefield: Hardline,PS3,2015.0,Shooter,Electronic Arts,0.12,0.23,0.07,0.07,0.49
5006,Mobile Suit Gundam: Giren no Yabou Zeon Dokuritsu Sensouden,PS2,2002.0,Strategy,Namco Bandai Games,0.0,0.0,0.38,0.0,0.38
13602,The Invincible Iron Man,GBA,2002.0,Action,Activision,0.03,0.01,0.0,0.0,0.04
10551,Monkey Mischief! Party Time,Wii,2008.0,Misc,Activision,0.09,0.0,0.0,0.01,0.1
8744,Stormrise,X360,2009.0,Strategy,Sega,0.11,0.03,0.0,0.01,0.15
3059,Naruto Shippuden: Ultimate Ninja 4,PS2,2007.0,Fighting,Atari,0.26,0.01,0.13,0.26,0.66
4891,Brunswick Pro Bowling,Wii,2007.0,Sports,505 Games,0.36,0.01,0.0,0.03,0.39
4653,Jimmy Neutron: Boy Genius,GBA,2001.0,Platform,THQ,0.3,0.11,0.0,0.01,0.42
12959,Myth Makers: Orbs of Doom,Wii,2007.0,Puzzle,Popcorn Arcade,0.05,0.0,0.0,0.0,0.05
2301,Burnout Revenge,PS2,2005.0,Racing,Electronic Arts,0.75,0.03,0.0,0.12,0.9
8835,Mind Zero,PSV,2013.0,Role-Playing,GungHo,0.08,0.0,0.04,0.02,0.15
1946,Call of Duty 4: Modern Warfare,DS,2007.0,Shooter,Activision,0.96,0.02,0.01,0.08,1.06
246,God of War,PS2,2005.0,Action,Sony Computer Entertainment,2.71,1.29,0.02,0.43,4.45
462,Saints Row 2,X360,2008.0,Action,THQ,1.94,0.8,0.02,0.27,3.03
714,Resident Evil 4,Wii,2007.0,Action,Capcom,1.34,0.57,0.14,0.21,2.26
15974,Memories Off 6: Next Relation,PS2,2009.0,Adventure,5pb,0.0,0.0,0.02,0.0,0.02
4023,Super Monkey Ball 3D,3DS,2011.0,Action,Sega,0.26,0.15,0.05,0.04,0.49
2640,We Sing,Wii,2009.0,Misc,Nordic Games,0.0,0.69,0.0,0.09,0.78
11520,Goblin Commander: Unleash the Horde,XB,2003.0,Strategy,Jaleco,0.06,0.02,0.0,0.0,0.08
2098,Midnight Club: LA Remix,PSP,2008.0,Racing,Take-Two Interactive,0.52,0.28,0.0,0.19,0.99
14226,The Sum of All Fears,GC,2003.0,Shooter,Ubisoft,0.03,0.01,0.0,0.0,0.03
10935,Star Wars: Empire at War - Gold Pack,PC,2007.0,Strategy,LucasArts,0.01,0.06,0.0,0.01,0.09
4817,Samurai Shodown,SNES,1994.0,Fighting,Takara,0.0,0.0,0.4,0.0,0.4
14837,The Peanuts Movie: Snoopy's Grand Adventure,PS4,2015.0,Action,Activision,0.0,0.02,0.0,0.0,0.03
4887,NHL 99,N64,1998.0,Sports,Electronic Arts,0.38,0.01,0.0,0.0,0.39
14876,Back to the Future: The Game,X360,2015.0,Adventure,Telltale Games,0.02,0.01,0.0,0.0,0.03
10058,Desktop Tower Defense,DS,2009.0,Strategy,THQ,0.11,0.0,0.0,0.01,0.11
4935,BattleTanx: Global Assault,N64,1999.0,Action,3DO,0.31,0.07,0.0,0.0,0.39
14386,Hearts of Iron IV,PC,2016.0,Strategy,Paradox Interactive,0.0,0.03,0.0,0.0,0.03
15550,Reversal Challenge,DS,2009.0,Misc,Tommo,0.02,0.0,0.0,0.0,0.02
3569,NHL Hitz 20-02,PS2,2001.0,Sports,Midway Games,0.28,0.22,0.0,0.07,0.56
7899,Phantasy Star Universe,PS2,2006.0,Role-Playing,Sega,0.0,0.0,0.19,0.0,0.19
2849,Super Monkey Ball Jr.,GBA,2002.0,Puzzle,Atari,0.51,0.19,0.0,0.01,0.72
13914,Darklight Conflict,PS,1997.0,Simulation,Electronic Arts,0.02,0.01,0.0,0.0,0.04
11834,NOëL: La Neige,PS,1998.0,Adventure,Pioneer LDC,0.0,0.0,0.07,0.0,0.07
5249,DanceDanceRevolution,Wii,2010.0,Simulation,Konami Digital Entertainment,0.29,0.04,0.0,0.02,0.36
2537,Patapon,PSP,2007.0,Misc,Sony Computer Entertainment,0.33,0.25,0.07,0.17,0.81
5645,Gold's Gym: Cardio Workout (Others sales),Wii,2008.0,Sports,Ubisoft,0.0,0.3,0.0,0.02,0.32
3691,SingStar Summer Party,PS2,2008.0,Misc,Sony Computer Entertainment,0.0,0.06,0.0,0.48,0.54
8921,Fugitive Hunter: War on Terror,PS2,2003.0,Shooter,Play It,0.07,0.06,0.0,0.02,0.15
14725,Max Payne 2: The Fall of Max Payne,PC,2003.0,Shooter,Take-Two Interactive,0.0,0.02,0.0,0.0,0.03
13157,Guild 01,3DS,2012.0,Action,Level 5,0.0,0.0,0.05,0.0,0.05
14520,Tenka-bito,PS2,2006.0,Strategy,Sega,0.0,0.0,0.03,0.0,0.03
1210,Dead Rising 3,XOne,2013.0,Action,Microsoft Game Studios,1.06,0.35,0.01,0.12,1.54
4706,Farming Simulator 2015,X360,2015.0,Simulation,Koch Media,0.21,0.16,0.0,0.04,0.41
6963,Etrian Mystery Dungeon,3DS,2015.0,Role-Playing,Nippon Ichi Software,0.09,0.01,0.12,0.01,0.23
4084,Scene It? Lights Camera Action,X360,2007.0,Misc,Microsoft Game Studios,0.43,0.02,0.0,0.04,0.48
4774,From Russia With Love,PS2,2005.0,Action,Electronic Arts,0.34,0.01,0.0,0.06,0.41
1626,Donkey Kong Country 2,GBA,2004.0,Platform,Nintendo,0.79,0.27,0.12,0.04,1.23
10109,Invizimals: The Lost Tribes,PSP,2011.0,Action,Sony Computer Entertainment,0.0,0.08,0.0,0.04,0.11
9765,Neopets Petpet Adventures: The Wand of Wishing,PSP,2006.0,Adventure,Sony Computer Entertainment,0.11,0.0,0.0,0.01,0.12
15297,Detective Jinguuji Saburo: Ronde Revenge,3DS,2012.0,Action,Arc System Works,0.0,0.0,0.02,0.0,0.02
10161,Happy Feet Two,3DS,2011.0,Action,Warner Bros. Interactive Entertainment,0.08,0.02,0.0,0.01,0.11
2548,Army Men: Sarge's Heroes,N64,1999.0,Action,3DO,0.68,0.12,0.0,0.01,0.81
7419,Heroes of Ruin,3DS,2012.0,Role-Playing,Nintendo,0.13,0.07,0.0,0.02,0.21
14553,Pimp My Ride: Street Racing,DS,2009.0,Racing,Activision,0.03,0.0,0.0,0.0,0.03
752,Pokemon Ranger,DS,2006.0,Role-Playing,Nintendo,1.29,0.04,0.73,0.12,2.18
15748,LEGO Star Wars II: The Original Trilogy,PC,2006.0,Action,Activision,0.0,0.01,0.0,0.0,0.02
10345,Tournament Pool,Wii,2009.0,Sports,Destineer,0.1,0.0,0.0,0.01,0.11
8196,Scooby-Doo! Unmasked,GBA,2005.0,Platform,THQ,0.13,0.05,0.0,0.0,0.18
13007,Air Traffic Chaos,DS,2007.0,Simulation,Ertain,0.05,0.0,0.0,0.0,0.05
8884,Star Trek: Voyager Elite Force,PS2,2001.0,Shooter,Codemasters,0.07,0.06,0.0,0.02,0.15
3231,NHL 2001,PS,2000.0,Sports,Electronic Arts,0.35,0.24,0.0,0.04,0.63
5011,Shin Megami Tensei: Devil Summoner,SAT,1995.0,Role-Playing,Atlus,0.0,0.0,0.38,0.0,0.38
272,Uncharted 4: A Thief's End,PS4,2016.0,Shooter,Sony Computer Entertainment,1.3,2.07,0.18,0.65,4.2
2117,Kingdom Hearts Re:coded,DS,2010.0,Role-Playing,Square Enix,0.56,0.1,0.27,0.05,0.98
7087,Freedom Fighters,XB,2003.0,Shooter,Electronic Arts,0.17,0.05,0.0,0.01,0.23
15337,Hakuouki: Yuugi Roku DS,DS,2011.0,Adventure,Idea Factory,0.0,0.0,0.02,0.0,0.02
9790,SSX 3,GBA,2003.0,Sports,Electronic Arts,0.09,0.03,0.0,0.0,0.12
16372,Arabians Lost: The Engagement on Desert,PSP,2012.0,Adventure,Quinrose,0.0,0.0,0.01,0.0,0.01
3121,Champions: Return to Arms,PS2,2005.0,Role-Playing,Sony Online Entertainment,0.32,0.25,0.0,0.08,0.65
11393,Meitantei Conan & Kindaichi Shounen no Jikenbou: Meguri au Futari no Meitantei,DS,2009.0,Adventure,Namco Bandai Games,0.0,0.0,0.08,0.0,0.08
14768,Mahou Sensei Negima! Kagai Jugyou ~Otome no Dokidoki Beachside~,PS2,2006.0,Adventure,Konami Digital Entertainment,0.0,0.0,0.03,0.0,0.03
10570,World Snooker Championship 2007,PS3,2007.0,Sports,Sega,0.0,0.1,0.0,0.0,0.1
10711,Arcania: Gothic 4,X360,2010.0,Role-Playing,JoWood Productions,0.03,0.04,0.01,0.01,0.1
1712,Mario Tennis,GB,2000.0,Sports,Nintendo,0.5,0.18,0.44,0.06,1.18
827,Sonic Mega Collection,GC,2002.0,Misc,Infogrames,1.47,0.48,0.05,0.06,2.05
5096,Tiger Woods PGA Tour 09,PS2,2008.0,Sports,Electronic Arts,0.16,0.0,0.0,0.21,0.37
6198,NBA In The Zone,PS,1995.0,Sports,Konami Digital Entertainment,0.16,0.11,0.0,0.02,0.28
4829,Top Gear Rally,N64,1997.0,Racing,Kemco,0.32,0.07,0.0,0.0,0.4
2833,SD Gundam G Generation,PS,1998.0,Strategy,Namco Bandai Games,0.0,0.0,0.67,0.05,0.72
4408,Karaoke Revolution,Wii,2009.0,Misc,Konami Digital Entertainment,0.24,0.16,0.0,0.04,0.45
13287,Saints Row: Gat out of Hell,PS4,2015.0,Action,Deep Silver,0.0,0.04,0.0,0.01,0.05
8676,Arcade Zone,Wii,2009.0,Misc,Activision,0.14,0.0,0.0,0.01,0.16
56,Call of Duty: Modern Warfare 2,PS3,2009.0,Shooter,Activision,4.99,3.69,0.38,1.63,10.69
14954,World Series of Poker 2008: Battle for the Bracelets,PSP,2007.0,Misc,Activision,0.02,0.0,0.0,0.0,0.02
7361,Hannah Montana: The Movie,X360,2009.0,Adventure,Disney Interactive Studios,0.14,0.06,0.0,0.02,0.21
12260,Desert Strike Advance,GBA,2002.0,Simulation,Electronic Arts,0.05,0.02,0.0,0.0,0.06
4322,Crash: Mind Over Mutant,Wii,2008.0,Platform,Vivendi Games,0.36,0.06,0.0,0.03,0.45
7159,Conflict: Vietnam,XB,2004.0,Shooter,SCi,0.17,0.05,0.0,0.01,0.22
1221,MySims Kingdom,Wii,2008.0,Simulation,Electronic Arts,0.71,0.65,0.01,0.17,1.53
7830,Fire ProWrestling G,PS,1999.0,Fighting,Human Entertainment,0.0,0.0,0.18,0.01,0.19
6071,Purr Pals,Wii,2008.0,Simulation,Deep Silver,0.27,0.0,0.0,0.02,0.29
7658,The Cheetah Girls: Passport to Stardom,DS,2008.0,Misc,Disney Interactive Studios,0.18,0.0,0.0,0.01,0.2
13707,Shiren the Wanderer 4 - God's Eye and the Demon's Navel,PSP,2012.0,Role-Playing,Spike,0.0,0.0,0.04,0.0,0.04
11906,All-Star Baseball 2004,GBA,2003.0,Sports,Acclaim Entertainment,0.05,0.02,0.0,0.0,0.07
1599,Ratchet: Deadlocked,PS2,2005.0,Shooter,Sony Computer Entertainment,0.85,0.03,0.22,0.14,1.24
1255,Tokyo Xtreme Racer Zero,PS2,2000.0,Racing,Crave Entertainment,0.66,0.52,0.15,0.17,1.5
14278,Super Hero Generation,PS3,2014.0,Role-Playing,Namco Bandai Games,0.0,0.0,0.03,0.0,0.03
14976,Demigod,PC,2009.0,Strategy,Atari,0.0,0.02,0.0,0.0,0.02
4917,Metal Gear Solid: The Legacy Collection,PS3,2013.0,Adventure,Konami Digital Entertainment,0.31,0.01,0.03,0.05,0.39
3092,Taiko no Tatsujin DS: Touch de Dokodon!,DS,2007.0,Misc,Namco Bandai Games,0.0,0.0,0.66,0.0,0.66
3015,Street Sk8er,PS,1998.0,Sports,Electronic Arts,0.37,0.25,0.0,0.04,0.67
4721,Up,PSP,2009.0,Action,THQ,0.24,0.1,0.0,0.07,0.41
2095,Oddworld: Abe's Exoddus,PS,1998.0,Platform,GT Interactive,0.55,0.38,0.0,0.06,0.99
14640,Sokukoku no Kusabi: Hiiro no Kakera 3 Portable,PSP,2010.0,Adventure,Idea Factory,0.0,0.0,0.03,0.0,0.03
1628,"WarioWare, Inc.: Mega MicroGame$",GBA,2003.0,Puzzle,Nintendo,0.4,0.11,0.7,0.02,1.23
1078,Yoshi's Cookie,GB,1992.0,Puzzle,Nintendo,0.59,0.24,0.82,0.03,1.68
2574,Aliens: Colonial Marines,X360,2013.0,Shooter,Sega,0.36,0.37,0.0,0.07,0.8
12014,Guilty Gear Xrd -Revelator-,PS3,2016.0,Fighting,PQube,0.01,0.02,0.02,0.01,0.07
10614,Bullet Witch,X360,2006.0,Shooter,Atari,0.07,0.01,0.02,0.01,0.1
11380,Iron Man / X-O Manowar in Heavy Metal,PS,1996.0,Platform,Acclaim Entertainment,0.05,0.03,0.0,0.01,0.08
11068,Uta no Prince-Sama: Music 2,PSP,2013.0,Adventure,Broccoli,0.0,0.0,0.09,0.0,0.09
5507,GT Advance Championship Racing,GBA,2001.0,Racing,THQ,0.24,0.09,0.0,0.01,0.33
8863,Derby Stallion 64,N64,2001.0,Sports,Media Factory,0.0,0.0,0.15,0.0,0.15
2211,SaGa Frontier 2,PS,1999.0,Role-Playing,SquareSoft,0.1,0.07,0.71,0.06,0.94
14703,MechAssault: Phantom War,DS,2006.0,Simulation,Majesco Entertainment,0.03,0.0,0.0,0.0,0.03
16564,Kanokon: Esuii,PS2,2008.0,Adventure,5pb,0.0,0.0,0.01,0.0,0.01
9651,Armed and Dangerous,XB,2003.0,Shooter,LucasArts,0.09,0.03,0.0,0.0,0.13
2807,Oddworld: Munch's Oddysee,XB,2001.0,Platform,Atari,0.54,0.16,0.0,0.03,0.73
4508,Wheel of Fortune,DS,2010.0,Misc,THQ,0.41,0.0,0.0,0.03,0.43
15647,NHL 2K3,GC,2002.0,Sports,Sega,0.01,0.0,0.0,0.0,0.02
683,NBA 2K16,XOne,2015.0,Sports,Take-Two Interactive,1.93,0.14,0.0,0.24,2.32
3078,Toy Story 3: The Video Game,PSP,2010.0,Action,Disney Interactive Studios,0.27,0.25,0.0,0.14,0.66
7383,Naruto: Clash of Ninja (JP sales),GC,2003.0,Fighting,Tomy Corporation,0.0,0.0,0.21,0.01,0.21
11582,Ultimate Party Challenge,Wii,2009.0,Misc,Konami Digital Entertainment,0.07,0.0,0.0,0.01,0.08
6044,Nicktoons: Battle for Volcano Island,GC,2006.719557195572,Action,Unknown,0.22,0.06,0.0,0.01,0.29
3457,Rayman Origins,Wii,2011.0,Platform,Ubisoft,0.23,0.29,0.0,0.07,0.58
12037,Catwoman,GC,2004.0,Action,Electronic Arts,0.05,0.01,0.0,0.0,0.07
2091,NCAA Football 12,X360,2011.0,Sports,Electronic Arts,0.94,0.0,0.0,0.06,0.99
5164,NBA Live 2003,XB,2006.719557195572,Sports,Electronic Arts,0.31,0.04,0.0,0.01,0.36
2980,Iron Man,PS3,2008.0,Action,Sega,0.32,0.25,0.0,0.11,0.68
15731,Final Fight: Streetwise,XB,2006.0,Action,Capcom,0.01,0.0,0.0,0.0,0.02
12134,Nichibeikan Pro Yakyuu: Final League,PS2,2002.0,Sports,SquareSoft,0.0,0.0,0.07,0.0,0.07
8168,Kidou Senshi Gundam: Senjou no Kizuna Portable,PSP,2009.0,Strategy,Namco Bandai Games,0.0,0.0,0.18,0.0,0.18
12952,Dragon's Lair 3D: Return to the Lair,XB,2002.0,Platform,Ubisoft,0.04,0.01,0.0,0.0,0.05
11742,Myst,PS,1995.0,Adventure,Psygnosis,0.0,0.0,0.07,0.0,0.07
11473,Knights Contract,X360,2011.0,Action,Namco Bandai Games,0.05,0.03,0.0,0.01,0.08
7738,Iron Chef America: Supreme Cuisine,DS,2008.0,Simulation,Destineer,0.18,0.0,0.0,0.01,0.19
4852,Rapala Pro Bass Fishing 2010,X360,2010.0,Sports,Activision,0.32,0.05,0.0,0.03,0.4
1206,Ni no Kuni: Wrath of the White Witch,PS3,2011.0,Role-Playing,Namco Bandai Games,0.6,0.51,0.21,0.23,1.55
11244,Ys VIII: Lacrimosa of Dana,PSV,2016.0,Role-Playing,Nihon Falcom Corporation,0.0,0.0,0.09,0.0,0.09
7156,G-Force,PS3,2009.0,Action,Disney Interactive Studios,0.13,0.06,0.0,0.03,0.22
12501,Eigo de Tabisuru: Little Charo,DS,2011.0,Misc,Nintendo,0.0,0.0,0.06,0.0,0.06
12176,Mega Man: Battle & Chase,PS,1997.0,Racing,Capcom,0.0,0.0,0.06,0.0,0.07
847,Tom Clancy's The Division,XOne,2016.0,Shooter,Ubisoft,1.2,0.62,0.0,0.18,2.01
2106,Cars,DS,2006.0,Racing,THQ,0.85,0.05,0.0,0.08,0.98
554,Mortal Kombat X,PS4,2015.0,Fighting,Warner Bros. Interactive Entertainment,1.47,0.76,0.0,0.47,2.7
1213,Dark Cloud,PS2,2000.0,Role-Playing,Sony Computer Entertainment,0.83,0.44,0.08,0.19,1.54
11236,Walt Disney's The Jungle Book: Rhythm N'Groove,PS,2000.0,Misc,Sony Computer Entertainment,0.05,0.03,0.0,0.01,0.09
10751,Descent Maximum,PS,1997.0,Shooter,Interplay Productions,0.05,0.04,0.0,0.01,0.1
1606,Oddworld: Abe's Oddysee,PS,1997.0,Platform,GT Interactive,0.75,0.44,0.0,0.06,1.24
7654,DanceDanceRevolution,PS3,2010.0,Simulation,Konami Digital Entertainment,0.12,0.05,0.0,0.02,0.2
12326,GunGriffon II,SAT,1998.0,Simulation,ESP,0.0,0.0,0.06,0.0,0.06
16276,Battlestations: Midway,PC,2007.0,Strategy,Eidos Interactive,0.0,0.01,0.0,0.0,0.01
15931,Nurarihyon no Mago: Hyakki Ryouran Taisen,PS3,2011.0,Fighting,Konami Digital Entertainment,0.0,0.0,0.02,0.0,0.02
9160,Fate/Unlimited Codes,PS2,2008.0,Fighting,Capcom,0.0,0.0,0.14,0.0,0.14
8514,The Legend of Heroes VII: The Trail of Zero,PSP,2010.0,Role-Playing,Falcom Corporation,0.0,0.0,0.16,0.0,0.16
16019,Cosmetic Paradise: Make no Kiseki,DS,2008.0,Misc,Global A Entertainment,0.0,0.0,0.01,0.0,0.01
2739,The Godfather II,PS3,2009.0,Action,Electronic Arts,0.41,0.22,0.01,0.11,0.75
13145,The Lost Treasures of Alexandria,DS,2011.0,Puzzle,Unknown,0.0,0.04,0.0,0.01,0.05
5681,4x4 Evolution,PS2,2001.0,Racing,Gathering of Developers,0.16,0.12,0.0,0.04,0.32
6279,Zumba Fitness: World Party,Wii,2013.0,Misc,Majesco Entertainment,0.14,0.11,0.0,0.03,0.27
16155,Izumo 2,PS2,2006.0,Adventure,GN Software,0.0,0.0,0.01,0.0,0.01
9533,Onechanbara: Bikini Samurai Squad,X360,2006.0,Action,D3Publisher,0.11,0.01,0.0,0.01,0.13
3901,Virtual Pool,PS,1997.0,Sports,Interplay,0.28,0.19,0.0,0.03,0.51
1060,NBA 2K15,XOne,2014.0,Sports,Take-Two Interactive,1.36,0.18,0.0,0.15,1.69
9133,Onimusha Essentials,PS2,2008.0,Action,Capcom,0.07,0.05,0.0,0.02,0.14
765,Mahjong,NES,1983.0,Misc,Nintendo,0.01,0.0,2.13,0.0,2.14
3838,Star Wars Battlefront: Elite Squadron,DS,2009.0,Shooter,LucasArts,0.44,0.04,0.0,0.04,0.52
16362,NHL 2K7,XB,2006.0,Sports,Take-Two Interactive,0.01,0.0,0.0,0.0,0.01
4715,Six Flags Fun Park,Wii,2009.0,Misc,Ubisoft,0.28,0.1,0.0,0.04,0.41
2639,My Little Pony: Pinkie Pie's Party,DS,2008.0,Adventure,THQ,0.72,0.0,0.0,0.06,0.78
8930,F1 2012,PC,2012.0,Racing,Codemasters,0.01,0.11,0.0,0.03,0.15
9194,Dino Crisis 3,XB,2003.0,Action,Capcom,0.08,0.03,0.03,0.0,0.14
10177,The Smurfs 2,PS3,2013.0,Platform,Ubisoft,0.02,0.07,0.0,0.02,0.11
6632,Hatsune Miku: Project Diva F 2nd,PS3,2014.0,Misc,Sega,0.09,0.04,0.1,0.03,0.25
12632,Gem Smashers,Wii,2011.0,Platform,Crave Entertainment,0.05,0.0,0.0,0.0,0.06
11025,Jimmie Johnson's Anything With an Engine,X360,2011.0,Racing,Konami Digital Entertainment,0.08,0.0,0.0,0.01,0.09
404,James Bond 007: Nightfire,PS2,2002.0,Shooter,Electronic Arts,1.45,1.29,0.12,0.46,3.33
1700,FIFA 14,XOne,2013.0,Sports,Electronic Arts,0.41,0.66,0.0,0.12,1.19
11490,Persona 4: Arena Ultimax,X360,2014.0,Fighting,Atlus,0.06,0.01,0.0,0.01,0.08
2054,DiRT 2,PS3,2009.0,Racing,Codemasters,0.27,0.53,0.0,0.2,1.01
13302,Gummy Bears Mini Golf,DS,2010.0,Sports,Storm City Games,0.04,0.0,0.0,0.0,0.05
3811,Juiced,PS2,2005.0,Racing,THQ,0.26,0.2,0.0,0.07,0.53
8302,N3 II: Ninety-Nine Nights,X360,2010.0,Action,Microsoft Game Studios,0.06,0.07,0.04,0.01,0.17
15641,Elminage II: Sousei no Megami to Unmei no Daichi,PSP,2009.0,Role-Playing,Starfish,0.0,0.0,0.02,0.0,0.02
5460,Tales of the World: Radiant Mythology 2,PSP,2009.0,Role-Playing,Namco Bandai Games,0.0,0.0,0.33,0.0,0.33
5579,J Stars Victory Vs.,PS3,2014.0,Fighting,Namco Bandai Games,0.04,0.06,0.2,0.02,0.32
10644,Gekido,PS,1999.0,Fighting,Infogrames,0.06,0.04,0.0,0.01,0.1
6663,FIFA 14,3DS,2013.0,Sports,Electronic Arts,0.0,0.23,0.0,0.03,0.25
14260,Garfield: A Tale of Two Kitties,DS,2006.0,Platform,Game Factory,0.03,0.0,0.0,0.0,0.03
9582,Star Wars: Clone Wars,XB,2003.0,Shooter,LucasArts,0.1,0.03,0.0,0.0,0.13
16312,Rally Championship,GC,2003.0,Racing,SCi,0.01,0.0,0.0,0.0,0.01
8111,Batman: Vengeance,GBA,2001.0,Adventure,Ubisoft,0.13,0.05,0.0,0.0,0.18
2517,Amped: Freestyle Snowboarding,XB,2001.0,Sports,Microsoft Game Studios,0.69,0.11,0.0,0.02,0.82
8297,Finding Nemo: Escape to the Big Blue,DS,2006.0,Action,THQ,0.12,0.04,0.0,0.01,0.17
10132,Pac-Man Pinball Advance,GBA,2005.0,Misc,Zoo Digital Publishing,0.08,0.03,0.0,0.0,0.11
1966,Assassin's Creed: Rogue,X360,2014.0,Action,Ubisoft,0.58,0.38,0.0,0.09,1.05
16084,Pro Angler Moves,PS3,2012.0,Sports,"Interworks Unlimited, Inc.",0.01,0.0,0.0,0.0,0.01
13522,Hyperdimension Neptunia mk2,PSV,2014.0,Action,Compile Heart,0.0,0.0,0.04,0.0,0.04
6646,Tony Hawk's Proving Ground,Wii,2007.0,Sports,Activision,0.22,0.01,0.0,0.02,0.25
7841,SNK Arcade Classics Vol. 1,PS2,2008.0,Misc,Ignition Entertainment,0.09,0.07,0.0,0.02,0.19
4235,Country Dance 2,Wii,2011.0,Misc,GameMill Entertainment,0.44,0.0,0.0,0.03,0.46
2465,Dragon Age II,PS3,2011.0,Action,Electronic Arts,0.4,0.27,0.05,0.12,0.84
4425,Food Network: Cook or Be Cooked,Wii,2009.0,Misc,Namco Bandai Games,0.41,0.0,0.0,0.03,0.44
10736,Power Stone Collection,PSP,2006.0,Action,Capcom,0.08,0.0,0.0,0.01,0.1
16045,Wizardry XTH: Unlimited Students,PS2,2006.0,Role-Playing,Michaelsoft,0.0,0.0,0.01,0.0,0.01
9064,The Orange Box,PC,2007.0,Shooter,Electronic Arts,0.0,0.11,0.0,0.03,0.14
14204,Dead or Alive Xtreme 3: Venus,PSV,2016.0,Sports,Tecmo Koei,0.0,0.0,0.03,0.0,0.03
9948,Lost Horizon,PC,2010.0,Adventure,Deep Silver,0.0,0.1,0.0,0.02,0.12
4352,Plants vs. Zombies: Garden Warfare 2,PS4,2016.0,Shooter,Electronic Arts,0.17,0.21,0.0,0.07,0.45
11028,Spectral Force Genesis,DS,2008.0,Role-Playing,Nobilis,0.08,0.0,0.01,0.01,0.09
3452,Harvest Moon: Sunshine Islands,DS,2008.0,Simulation,Rising Star Games,0.35,0.03,0.17,0.03,0.58
11219,Theme Hospital,PS,1998.0,Strategy,Electronic Arts,0.03,0.02,0.03,0.01,0.09
6615,Teen Titans,PS2,2006.0,Action,THQ,0.12,0.1,0.0,0.03,0.25
2918,NCAA Football 98,PS,1997.0,Sports,Electronic Arts,0.39,0.27,0.0,0.05,0.7
4890,Viking: Battle for Asgard,PS3,2008.0,Action,Sega,0.14,0.18,0.0,0.07,0.39
941,inFAMOUS 2,PS3,2011.0,Action,Sony Computer Entertainment,1.05,0.49,0.08,0.23,1.85
10199,Karaoke Revolution Presents American Idol Encore,X360,2008.0,Misc,Konami Digital Entertainment,0.1,0.0,0.0,0.01,0.11
1816,Pokémon Mystery Dungeon: Red Rescue Team (US weekly sales),GBA,2005.0,Role-Playing,Nintendo,0.81,0.3,0.0,0.02,1.13
15142,Max Payne,PC,2001.0,Shooter,Take-Two Interactive,0.0,0.02,0.0,0.0,0.02
16370,Dance with Devils,PSV,2016.0,Action,1111,0.0,0.0,0.01,0.0,0.01
6143,Assassin's Creed II: Discovery,DS,2009.0,Action,Ubisoft,0.15,0.11,0.0,0.03,0.28
6066,Trivial Pursuit,PS3,2009.0,Misc,Electronic Arts,0.12,0.12,0.0,0.05,0.29
5942,Guitar Hero: Van Halen,X360,2009.0,Misc,Activision,0.16,0.1,0.0,0.03,0.3
12450,Hisshou Pachinko*Pachi-Slot Kouryaku Series Portable Vol. 1: Shinseiki Evangelion - Tamashii no Kiseki,PSP,2010.0,Misc,D3Publisher,0.0,0.0,0.06,0.0,0.06
1187,Smuggler's Run,PS2,2000.0,Racing,Take-Two Interactive,0.77,0.6,0.0,0.2,1.56
9685,Kidou Senshi Gundam Seed Battle Destiny,PSV,2012.0,Action,Namco Bandai Games,0.0,0.0,0.12,0.0,0.12
11725,SCORE International Baja 1000: The Official Game,PS3,2008.0,Racing,Activision,0.07,0.0,0.0,0.01,0.08
9725,Puzzle Quest: Challenge of the Warlords,PS2,2007.0,Puzzle,D3Publisher,0.06,0.05,0.0,0.02,0.12
7573,Harvest Moon: More Friends of Mineral Town,GBA,2003.0,Simulation,Ubisoft,0.14,0.05,0.0,0.0,0.2
4276,Bleach: The Blade of Fate,DS,2006.0,Fighting,Sega,0.3,0.01,0.12,0.03,0.46
16514,Pony Friends 2,PC,2009.0,Simulation,Eidos Interactive,0.0,0.01,0.0,0.0,0.01
8132,Brink,PC,2011.0,Shooter,Bethesda Softworks,0.06,0.09,0.0,0.03,0.18
5824,Ultimate Spider-Man,GBA,2005.0,Action,Activision,0.22,0.08,0.0,0.01,0.3
2106,Cars,DS,2006.0,Racing,THQ,0.85,0.05,0.0,0.08,0.98
1724,Ty the Tasmanian Tiger,PS2,2002.0,Platform,Electronic Arts,0.57,0.45,0.0,0.15,1.17
15114,Neo Angelique,PS2,2006.0,Adventure,Tecmo Koei,0.0,0.0,0.02,0.0,0.02
5603,Overlord II,PS3,2009.0,Action,Codemasters,0.11,0.15,0.0,0.06,0.32
5864,Famista '91,NES,1990.0,Sports,Namco Bandai Games,0.0,0.0,0.3,0.0,0.3
7699,Jikkyou Powerful Pro Yakyuu 2010,PSP,2010.0,Sports,Konami Digital Entertainment,0.0,0.0,0.2,0.0,0.2
6379,America's Test Kitchen: Let's Get Cooking,DS,2010.0,Simulation,Nintendo,0.25,0.0,0.0,0.02,0.27
2843,Terraria,X360,2013.0,Action,505 Games,0.35,0.31,0.0,0.06,0.72
12246,Jewel Quest IV: Heritage,DS,2011.0,Puzzle,iWin,0.0,0.05,0.0,0.01,0.06
11351,Jikkyou Powerful Pro Yakyuu 12,GC,2005.0,Sports,Konami Digital Entertainment,0.0,0.0,0.08,0.0,0.08
5630,Prince of Persia: The Sands of Time,GC,2003.0,Action,Ubisoft,0.25,0.06,0.0,0.01,0.32
7635,Jissen Pachi-Slot Hisshouhou! Aladdin A,PS2,2002.0,Misc,Sammy Corporation,0.0,0.0,0.2,0.0,0.2
4566,Pirates of the Caribbean: At World's End,PSP,2007.0,Action,Disney Interactive Studios,0.15,0.17,0.0,0.1,0.43
6202,The Adventures of Jimmy Neutron Boy Genius: Attack of the Twonkies,GC,2004.0,Action,THQ,0.22,0.06,0.0,0.01,0.28
12524,Tokyo Xtreme Racer Advance,GBA,2005.0,Racing,Crave Entertainment,0.04,0.02,0.0,0.0,0.06
14325,Smart Girl's Winter Wonderland,DS,2008.0,Misc,UFO Interactive,0.03,0.0,0.0,0.0,0.03
2852,Monster Hunter Tri,WiiU,2012.0,Role-Playing,Nintendo,0.26,0.19,0.22,0.04,0.72
6765,NBA Courtside 2002,GC,2002.0,Sports,Nintendo,0.19,0.05,0.0,0.01,0.25
6358,Mat Hoffman's Pro BMX,GBA,2001.0,Sports,Activision,0.19,0.07,0.0,0.0,0.27
15656,Disney Sports Basketball,GBA,2002.0,Sports,Konami Digital Entertainment,0.01,0.0,0.0,0.0,0.02
115,Medal of Honor: Frontline,PS2,2002.0,Shooter,Electronic Arts,2.93,2.75,0.17,0.99,6.83
1873,Imagine: Babysitters,DS,2008.0,Simulation,Ubisoft,0.63,0.36,0.0,0.1,1.09
9251,Alvin and the Chipmunks,DS,2007.0,Misc,Brash Entertainment,0.12,0.0,0.0,0.01,0.14
3267,Metal Gear Solid V: Ground Zeroes,PS3,2014.0,Action,Konami Digital Entertainment,0.14,0.14,0.27,0.06,0.62
13957,Ragnarok Odyssey,PS3,2014.0,Role-Playing,GungHo,0.03,0.01,0.0,0.01,0.04
4914,Are You Smarter than a 5th Grader? Make the Grade,DS,2008.0,Misc,THQ,0.36,0.0,0.0,0.03,0.39
11110,Super Puzzle Fighter II,GBA,2006.719557195572,Puzzle,Capcom,0.06,0.02,0.0,0.0,0.09
13505,Heatseeker,PSP,2007.0,Action,Codemasters,0.04,0.0,0.0,0.0,0.04
2608,Motocross Mania,PS,2001.0,Racing,Take-Two Interactive,0.44,0.3,0.0,0.05,0.79
15756,Memories Off: Yubikiri no Kikou,PSP,2011.0,Adventure,5pb,0.0,0.0,0.02,0.0,0.02
9626,Teenage Mutant Ninja Turtles: Arcade Attack,DS,2009.0,Action,Ubisoft,0.12,0.0,0.0,0.01,0.13
6506,TouchMaster 3(Others sales),DS,2009.0,Puzzle,Warner Bros. Interactive Entertainment,0.0,0.24,0.0,0.02,0.26
4424,X-Men Legends II: Rise of Apocalypse,XB,2005.0,Role-Playing,Activision,0.3,0.12,0.0,0.02,0.44
2110,Just Dance 2014,X360,2013.0,Misc,Ubisoft,0.72,0.19,0.0,0.07,0.98
11801,Mega Man Xtreme,GB,2000.0,Platform,Capcom,0.0,0.0,0.07,0.0,0.07
8832,Suzumiya Haruhi no Yakusoku,PSP,2007.0,Adventure,Namco Bandai Games,0.0,0.0,0.15,0.0,0.15
8635,J-League Jikkyou Winning Eleven 2000,PS,2000.0,Sports,Konami Digital Entertainment,0.0,0.0,0.15,0.01,0.16
11713,Conception: Please Give Birth to My Child!,PSP,2012.0,Role-Playing,Spike,0.0,0.0,0.08,0.0,0.08
5166,My Horse & Me,DS,2007.0,Sports,Atari,0.33,0.0,0.0,0.03,0.36
1065,FIFA 16,X360,2015.0,Sports,Electronic Arts,0.55,1.01,0.0,0.13,1.69
1295,Star Wars: The Force Unleashed II,X360,2010.0,Action,LucasArts,0.95,0.4,0.0,0.12,1.47
8016,Rock Band Track Pack Volume 2,X360,2008.0,Misc,MTV Games,0.16,0.01,0.0,0.01,0.18
15624,Dancing on Ice,DS,2010.0,Sports,Ghostlight,0.0,0.02,0.0,0.0,0.02
8996,Grabbed by the Ghoulies,XB,2003.0,Action,Microsoft Game Studios,0.11,0.03,0.0,0.01,0.14
3588,NASCAR Rumble,PS,2000.0,Racing,Electronic Arts,0.31,0.21,0.0,0.04,0.56
12940,FIFA 17,PC,2016.0,Sports,Electronic Arts,0.0,0.05,0.0,0.0,0.05
9730,Lemony Snicket's A Series of Unfortunate Events,XB,2004.0,Platform,Activision,0.09,0.03,0.0,0.0,0.12
2505,Deca Sports 2,Wii,2009.0,Sports,Hudson Soft,0.33,0.34,0.09,0.07,0.82
582,Mario Strikers Charged,Wii,2007.0,Sports,Nintendo,1.07,1.06,0.24,0.25,2.62
12789,The King of Fighters '96,NG,1996.0,Fighting,SNK,0.0,0.0,0.06,0.0,0.06
3598,Final Fantasy IV: The Complete Collection,PSP,2011.0,Role-Playing,Square Enix,0.13,0.09,0.27,0.06,0.56
5356,The Wild Thornberrys Movie,GBA,2002.0,Platform,THQ,0.25,0.09,0.0,0.01,0.34
16083,Virtua Tennis 3,PC,2007.0,Sports,Sega,0.0,0.01,0.0,0.0,0.01
8809,GoldenEye 007 (2010),DS,2010.0,Action,Activision,0.11,0.03,0.0,0.01,0.15
3654,Tatsunoko vs. Capcom: Ultimate All-Stars,Wii,2010.0,Fighting,Capcom,0.32,0.16,0.03,0.05,0.55
6006,Need for Speed: The Run,Wii,2011.0,Action,Electronic Arts,0.13,0.13,0.01,0.03,0.29
3587,Need for Speed: Most Wanted,GC,2005.0,Racing,Electronic Arts,0.43,0.11,0.0,0.02,0.56
6224,Dynasty Warriors: Gundam,PS2,2008.0,Action,Namco Bandai Games,0.0,0.0,0.28,0.0,0.28
16572,Resident Evil 4 HD,XOne,2016.0,Shooter,Capcom,0.01,0.0,0.0,0.0,0.01
14629,Calcio Bit,GBA,2006.0,Sports,Nintendo,0.0,0.0,0.03,0.0,0.03
3082,LEGO Marvel Super Heroes,PSV,2013.0,Action,Warner Bros. Interactive Entertainment,0.15,0.35,0.0,0.16,0.66
12928,Domino Rally,Wii,2007.0,Action,Nordcurrent,0.05,0.0,0.0,0.0,0.05
11188,PAC-MAN and the Ghostly Adventures,PS3,2013.0,Platform,Namco Bandai Games,0.03,0.04,0.0,0.01,0.09
13416,Yoru no Nai Kuni,PS3,2015.0,Role-Playing,Tecmo Koei,0.0,0.0,0.05,0.0,0.05
2653,Torneko no Daibouken: Fushigi no Dungeon,SNES,1993.0,Role-Playing,ChunSoft,0.0,0.0,0.78,0.0,0.78
2893,WWE SmackDown vs. Raw 2011,PSP,2010.0,Fighting,THQ,0.22,0.31,0.0,0.17,0.71
11193,Tabi no Yubisashi Kaiwachou DS: DS Series 4 America,DS,2006.0,Misc,Nintendo,0.0,0.0,0.09,0.0,0.09
1652,Super Street Fighter IV: 3D Edition,3DS,2011.0,Fighting,Capcom,0.55,0.44,0.14,0.09,1.22
3588,NASCAR Rumble,PS,2000.0,Racing,Electronic Arts,0.31,0.21,0.0,0.04,0.56
6370,Thoroughbred Breeder II,SNES,1994.0,Simulation,Hect,0.0,0.0,0.27,0.0,0.27
9744,Record of Agarest War Zero,PS3,2006.719557195572,Strategy,Ghostlight,0.09,0.0,0.03,0.01,0.12
15254,Painkiller,PC,2004.0,Shooter,DreamCatcher Interactive,0.0,0.02,0.0,0.0,0.02
1168,LEGO Harry Potter: Years 1-4,X360,2010.0,Action,Warner Bros. Interactive Entertainment,0.95,0.5,0.0,0.14,1.59
6051,One Piece: Pirate Warriors 3,PS3,2015.0,Action,Namco Bandai Games,0.0,0.09,0.19,0.01,0.29
6285,Indy 500,2600,2006.719557195572,Racing,Atari,0.26,0.01,0.0,0.0,0.27
2426,2010 FIFA World Cup South Africa,X360,2010.0,Sports,Electronic Arts,0.32,0.43,0.02,0.09,0.86
12525,Destiny: The Collection,PS4,2016.0,Shooter,Activision,0.01,0.04,0.0,0.01,0.06
13860,Brothers: A Tale of Two Sons,XOne,2015.0,Adventure,505 Games,0.03,0.01,0.0,0.0,0.04
9199,The Walking Dead: Season Two,XOne,2014.0,Adventure,Telltale Games,0.08,0.05,0.0,0.01,0.14
5194,Okage: Shadow King,PS2,2001.0,Role-Playing,Sony Computer Entertainment,0.14,0.11,0.08,0.04,0.36
13024,Trick x Logic: Season 1,PSP,2010.0,Adventure,Sony Computer Entertainment,0.0,0.0,0.05,0.0,0.05
12045,Real Time Conflict: Shogun Empires,DS,2005.0,Strategy,Namco Bandai Games,0.06,0.0,0.0,0.0,0.07
1491,TOCA 2: Touring Cars,PS,1998.0,Racing,Codemasters,0.03,1.16,0.02,0.11,1.32
3384,Dead Space,PC,2008.0,Action,Electronic Arts,0.0,0.53,0.0,0.06,0.59
10461,Universe at War: Earth Assault,X360,2008.0,Action,Sega,0.09,0.01,0.0,0.01,0.1
950,Secret of Mana,SNES,1993.0,Role-Playing,SquareSoft,0.25,0.07,1.49,0.02,1.83
2737,Tearaway,PSV,2013.0,Adventure,Sony Computer Entertainment Europe,0.17,0.39,0.0,0.19,0.75
11772,Jewel Link Chronicles: Legend of Athena,DS,2011.0,Puzzle,GSP,0.0,0.06,0.0,0.01,0.07
12362,Age of Empires Online,PC,2011.0,Strategy,Microsoft Game Studios,0.01,0.04,0.0,0.01,0.06
1447,Samurai Warriors,PS2,2004.0,Action,Electronic Arts,0.22,0.05,1.06,0.02,1.35
7480,Dawn of Discovery,Wii,2009.0,Simulation,Ubisoft,0.13,0.06,0.0,0.02,0.21
1416,Ridge Racer 7,PS3,2006.0,Racing,Namco Bandai Games,0.24,0.7,0.16,0.26,1.37
6919,Angry Birds,PC,2011.0,Puzzle,Focus Home Interactive,0.0,0.18,0.0,0.05,0.24
7616,Tigger's Honey Hunt,N64,2000.0,Platform,Ubisoft,0.16,0.04,0.0,0.0,0.2
725,LEGO Indiana Jones: The Original Adventures,DS,2008.0,Action,Activision,1.42,0.61,0.0,0.21,2.23
9087,Doom,GBA,2001.0,Shooter,Activision,0.1,0.04,0.0,0.0,0.14
4856,You Don't Know Jack,PS,1999.0,Misc,Vivendi Games,0.22,0.15,0.0,0.03,0.4
14170,Deer Drive: Legends,3DS,2012.0,Action,Maximum Family Games,0.03,0.0,0.0,0.0,0.03
10177,The Smurfs 2,PS3,2013.0,Platform,Ubisoft,0.02,0.07,0.0,0.02,0.11
1777,Donkey Konga,GC,2003.0,Misc,Nintendo,0.5,0.16,0.46,0.03,1.15
6520,Hatsune Miku: Project Diva,PSP,2009.0,Misc,Sega,0.0,0.0,0.26,0.0,0.26
6233,Pokemon Box: Ruby & Sapphire,GC,2003.0,Misc,Nintendo,0.0,0.0,0.27,0.01,0.28
15795,WTA Tour Tennis,GBA,2002.0,Sports,Konami Digital Entertainment,0.01,0.0,0.0,0.0,0.02
9868,Backyard Sports Football: Rookie Rush,X360,2010.0,Sports,Atari,0.11,0.0,0.0,0.01,0.12
9110,Risen,PC,2009.0,Role-Playing,Deep Silver,0.0,0.11,0.0,0.03,0.14
441,FIFA Soccer 08,PS2,2007.0,Sports,Electronic Arts,0.68,0.0,0.0,2.46,3.14
8060,Hatsune Miku and Future Stars: Project Mirai,3DS,2012.0,Misc,Sega,0.0,0.0,0.18,0.0,0.18
8090,Bad Boys: Miami Takedown,XB,2004.0,Shooter,Empire Interactive,0.14,0.04,0.0,0.01,0.18
16429,ESPN NBA 2Night 2002,XB,2002.0,Sports,Konami Digital Entertainment,0.01,0.0,0.0,0.0,0.01
11664,Captain Tsubasa,PS2,2006.0,Sports,Namco Bandai Games,0.0,0.0,0.08,0.0,0.08
16410,Saint Seiya Omega: Ultimate Cosmo,PSP,2012.0,Fighting,Namco Bandai Games,0.0,0.0,0.01,0.0,0.01
9073,Senran Kagura Burst: Guren no Sh?jo-tachi,3DS,2012.0,Action,Marvelous Entertainment,0.0,0.0,0.14,0.0,0.14
6609,Super Street Fighter II: Turbo Revival,GBA,2001.0,Fighting,Ubisoft,0.18,0.07,0.0,0.0,0.25
92,Super Mario Galaxy 2,Wii,2010.0,Platform,Nintendo,3.66,2.42,0.98,0.64,7.69
11703,Genkai Totsuki Moero Chronicle,PSV,2014.0,Role-Playing,Compile Heart,0.0,0.0,0.08,0.0,0.08
13732,GoGo's Crazy Bones,DS,2012.0,Action,GameMill Entertainment,0.0,0.04,0.0,0.0,0.04
701,Yokai Watch Busters,3DS,2015.0,Action,Level 5,0.0,0.0,2.28,0.0,2.28
12849,Princess on Ice,DS,2008.0,Sports,505 Games,0.04,0.01,0.0,0.0,0.05
14554,Let's Dance with Mel B,PS3,2011.0,Sports,Black Bean Games,0.0,0.02,0.0,0.01,0.03
